truck_id,num_stops,total_demand_tons,route
1,6,24725.13814439328,"[0, 19, 18, 17, 22, 23, 21, 0]"
2,3,20967.22102938815,"[0, 57, 58, 56, 0]"
3,3,19719.737660235663,"[0, 48, 49, 47, 0]"
4,5,24526.792682961594,"[0, 50, 51, 55, 28, 39, 0]"
5,4,22899.84570450506,"[0, 13, 20, 9, 8, 0]"
6,6,24558.590513264462,"[0, 11, 15, 16, 14, 12, 10, 0]"
7,4,21655.695943065202,"[0, 36, 38, 41, 40, 0]"
8,4,24524.814440588823,"[0, 32, 53, 54, 52, 0]"
9,3,21272.67527819988,"[0, 33, 34, 35, 0]"
10,5,24657.2495168523,"[0, 4, 43, 42, 44, 45, 0]"
11,4,23509.291167970896,"[0, 26, 27, 46, 24, 0]"
12,4,22230.512066687832,"[0, 3, 6, 7, 5, 0]"
13,5,24550.920480278142,"[0, 25, 31, 37, 30, 29, 0]"
14,2,9945.417570290143,"[0, 1, 2, 0]"
